Matelas gonflable 2 personnes,"Lits, coussins et accessoires gonflables"
Matelas gonflable 2 personnes,"Lits, coussins et accessoires gonflables|Lits gonflables"
Matelas gonflable 2 personnes,Couchage pour camping et randonnée
Matelas gonflable 2 personnes,Couchage pour camping et randonnée|Matelas gonflables
Matelas gonflable 2 personnes,Meubles de salon
Matelas gonflable 2 personnes,Meubles de salon|Ensembles de meubles de salon
Matelas gonflable 2 personnes,Matelas et sommiers pour adulte
Matelas gonflable 2 personnes,Matelas et sommiers pour adulte|Matelas de lit d'adulte
Défonceuse,Outillage électroportatif
Défonceuse,Outillage électroportatif|Défonceuses électriques
Défonceuse,Outils électriques industriels
Défonceuse,Outils électriques industriels|Fraiseuses à lamelles
Défonceuse,Fraises pour défonceuses
Défonceuse,Fraises pour défonceuses|Fraises à rainurer pour défonceuse
Défonceuse,Mèches à façonner
Défonceuse,Accessoires outil électrique industriel
Bardane,"Vitamines, minéraux et compléments"
Bardane,"Vitamines, minéraux et compléments|Multi-vitamines et minéraux"
Bardane,"Vitamines, minéraux et compléments|Multi-minéraux"
Bardane,"Vitamines, minéraux et compléments|Compléments à base de plantes"
Bardane,Thé et infusions
Bardane,Thés réfrigérés
Bardane,Nutrition et diététique
Bardane,Nutrition et diététique|Compléments pour amaigrissement et perte de poids
